{
  "blues": {
    "precision": 0.8125,
    "recall": 0.8666666666666667,
    "f1-score": 0.8387096774193549,
    "support": 15.0
  },
  "classical": {
    "precision": 0.8666666666666667,
    "recall": 0.8666666666666667,
    "f1-score": 0.8666666666666667,
    "support": 15.0
  },
  "country": {
    "precision": 0.8333333333333334,
    "recall": 0.6666666666666666,
    "f1-score": 0.7407407407407407,
    "support": 15.0
  },
  "disco": {
    "precision": 0.7333333333333333,
    "recall": 0.7333333333333333,
    "f1-score": 0.7333333333333333,
    "support": 15.0
  },
  "hiphop": {
    "precision": 0.8181818181818182,
    "recall": 0.6,
    "f1-score": 0.6923076923076923,
    "support": 15.0
  },
  "jazz": {
    "precision": 0.8666666666666667,
    "recall": 0.9285714285714286,
    "f1-score": 0.896551724137931,
    "support": 14.0
  },
  "metal": {
    "precision": 0.7647058823529411,
    "recall": 0.8666666666666667,
    "f1-score": 0.8125,
    "support": 15.0
  },
  "pop": {
    "precision": 0.625,
    "recall": 0.6666666666666666,
    "f1-score": 0.6451612903225806,
    "support": 15.0
  },
  "reggae": {
    "precision": 0.7058823529411765,
    "recall": 0.8,
    "f1-score": 0.75,
    "support": 15.0
  },
  "rock": {
    "precision": 0.3333333333333333,
    "recall": 0.3333333333333333,
    "f1-score": 0.3333333333333333,
    "support": 15.0
  },
  "accuracy": 0.7315436241610739,
  "macro avg": {
    "precision": 0.7359603386809269,
    "recall": 0.7328571428571428,
    "f1-score": 0.7309304458261633,
    "support": 149.0
  },
  "weighted avg": {
    "precision": 0.7350831150031703,
    "recall": 0.7315436241610739,
    "f1-score": 0.7298188936227287,
    "support": 149.0
  }
}