{
  "final_train_accuracy": 0.9254807829856873,
  "final_val_accuracy": 0.8333333134651184,
  "best_val_accuracy": 0.846666693687439,
  "final_train_loss": 0.42413878440856934,
  "final_val_loss": 0.7014926671981812,
  "test_metrics": {
    "accuracy": 0.744966447353363,
    "auc": 0.9709597826004028,
    "f1_score": 0.7470943331718445,
    "loss": 0.8175241351127625,
    "precision": 0.7846153974533081,
    "recall": 0.6845637559890747
  },
  "f1_scores": {
    "f1_macro": 0.7309304458261633,
    "f1_weighted": 0.7298188936227287,
    "f1_per_class": {
      "blues": 0.8387096774193549,
      "classical": 0.8666666666666667,
      "country": 0.7407407407407407,
      "disco": 0.7333333333333333,
      "hiphop": 0.6923076923076923,
      "jazz": 0.896551724137931,
      "metal": 0.8125,
      "pop": 0.6451612903225806,
      "reggae": 0.75,
      "rock": 0.3333333333333333
    }
  },
  "total_epochs": 60
}