{
  "final_train_accuracy": 0.4657328724861145,
  "final_val_accuracy": 0.42882147431373596,
  "best_val_accuracy": 0.5361726880073547,
  "final_train_loss": 1.2880865335464478,
  "final_val_loss": 1.8412367105484009,
  "test_metrics": {
    "accuracy": 0.5455076098442078,
    "auc": 0.9146744012832642,
    "loss": 1.4592280387878418,
    "precision": 0.734502911567688,
    "recall": 0.36639440059661865
  },
  "f1_scores": {
    "f1_macro": 0.24898121198358844,
    "f1_weighted": 0.5476699976787391,
    "f1_per_class": {
      "Blues": 0.0,
      "Classical": 0.05128205128205128,
      "Country": 0.0,
      "Easy Listening": 0.0,
      "Electronic": 0.5468577728776185,
      "Experimental": 0.2543859649122807,
      "Folk": 0.10526315789473684,
      "Hip-Hop": 0.45429362880886426,
      "Instrumental": 0.1652892561983471,
      "Jazz": 0.19444444444444445,
      "Old-Time / Historic": 0.6956521739130435,
      "Pop": 0.0,
      "Rock": 0.7739130434782608,
      "Soul-RnB": 0.10309278350515463,
      "Spoken": 0.3902439024390244
    }
  },
  "total_epochs": 29
}