{
  "blues": {
    "precision": 0.8823529411764706,
    "recall": 1.0,
    "f1-score": 0.9375,
    "support": 15.0
  },
  "classical": {
    "precision": 0.875,
    "recall": 0.9333333333333333,
    "f1-score": 0.9032258064516129,
    "support": 15.0
  },
  "country": {
    "precision": 0.7857142857142857,
    "recall": 0.7333333333333333,
    "f1-score": 0.7586206896551724,
    "support": 15.0
  },
  "disco": {
    "precision": 0.8666666666666667,
    "recall": 0.8666666666666667,
    "f1-score": 0.8666666666666667,
    "support": 15.0
  },
  "hiphop": {
    "precision": 0.9090909090909091,
    "recall": 0.6666666666666666,
    "f1-score": 0.7692307692307693,
    "support": 15.0
  },
  "jazz": {
    "precision": 0.9230769230769231,
    "recall": 0.8571428571428571,
    "f1-score": 0.8888888888888888,
    "support": 14.0
  },
  "metal": {
    "precision": 0.75,
    "recall": 0.8,
    "f1-score": 0.7741935483870968,
    "support": 15.0
  },
  "pop": {
    "precision": 0.6111111111111112,
    "recall": 0.7333333333333333,
    "f1-score": 0.6666666666666666,
    "support": 15.0
  },
  "reggae": {
    "precision": 0.7647058823529411,
    "recall": 0.8666666666666667,
    "f1-score": 0.8125,
    "support": 15.0
  },
  "rock": {
    "precision": 0.5,
    "recall": 0.4,
    "f1-score": 0.4444444444444444,
    "support": 15.0
  },
  "accuracy": 0.785234899328859,
  "macro avg": {
    "precision": 0.7867718719189307,
    "recall": 0.7857142857142858,
    "f1-score": 0.7821937480391318,
    "support": 149.0
  },
  "weighted avg": {
    "precision": 0.7858570729178703,
    "recall": 0.785234899328859,
    "f1-score": 0.7814776732683281,
    "support": 149.0
  }
}