{
  "final_train_accuracy": 0.9417142868041992,
  "final_val_accuracy": 0.7799999713897705,
  "best_val_accuracy": 0.8333333134651184,
  "final_train_loss": 0.3525039553642273,
  "final_val_loss": 0.699794590473175,
  "test_metrics": {
    "accuracy": 0.7785235047340393,
    "auc": 0.9711675047874451,
    "f1_score": 0.7795349955558777,
    "loss": 0.6903868317604065,
    "precision": 0.8294573426246643,
    "recall": 0.718120813369751
  },
  "f1_scores": {
    "f1_macro": 0.7821937480391318,
    "f1_weighted": 0.7814776732683281,
    "f1_per_class": {
      "blues": 0.9375,
      "classical": 0.9032258064516129,
      "country": 0.7586206896551724,
      "disco": 0.8666666666666667,
      "hiphop": 0.7692307692307693,
      "jazz": 0.8888888888888888,
      "metal": 0.7741935483870968,
      "pop": 0.6666666666666666,
      "reggae": 0.8125,
      "rock": 0.4444444444444444
    }
  },
  "total_epochs": 29
}