{
  "final_train_accuracy": 0.8876146674156189,
  "final_val_accuracy": 0.7266666889190674,
  "best_val_accuracy": 0.7799999713897705,
  "final_train_loss": 0.47970858216285706,
  "final_val_loss": 0.9327375292778015,
  "test_metrics": {
    "accuracy": 0.7114093899726868,
    "auc": 0.9558027982711792,
    "f1_score": 0.6994031071662903,
    "loss": 0.9286653399467468,
    "precision": 0.8318583965301514,
    "recall": 0.6308724880218506
  },
  "f1_scores": {
    "f1_macro": 0.6831707042485189,
    "f1_weighted": 0.6819391877222227,
    "f1_per_class": {
      "blues": 0.7317073170731707,
      "classical": 0.896551724137931,
      "country": 0.6666666666666666,
      "disco": 0.5217391304347826,
      "hiphop": 0.7692307692307693,
      "jazz": 0.8666666666666667,
      "metal": 0.75,
      "pop": 0.5384615384615384,
      "reggae": 0.7428571428571429,
      "rock": 0.34782608695652173
    }
  },
  "total_epochs": 32
}