{
  "blues": {
    "precision": 0.5714285714285714,
    "recall": 0.8,
    "f1-score": 0.6666666666666666,
    "support": 15.0
  },
  "classical": {
    "precision": 1.0,
    "recall": 0.7333333333333333,
    "f1-score": 0.8461538461538461,
    "support": 15.0
  },
  "country": {
    "precision": 0.55,
    "recall": 0.7333333333333333,
    "f1-score": 0.6285714285714286,
    "support": 15.0
  },
  "disco": {
    "precision": 0.6923076923076923,
    "recall": 0.6,
    "f1-score": 0.6428571428571429,
    "support": 15.0
  },
  "hiphop": {
    "precision": 0.8333333333333334,
    "recall": 0.6666666666666666,
    "f1-score": 0.7407407407407407,
    "support": 15.0
  },
  "jazz": {
    "precision": 0.7,
    "recall": 1.0,
    "f1-score": 0.8235294117647058,
    "support": 14.0
  },
  "metal": {
    "precision": 0.7,
    "recall": 0.9333333333333333,
    "f1-score": 0.8,
    "support": 15.0
  },
  "pop": {
    "precision": 0.875,
    "recall": 0.4666666666666667,
    "f1-score": 0.6086956521739131,
    "support": 15.0
  },
  "reggae": {
    "precision": 0.6190476190476191,
    "recall": 0.8666666666666667,
    "f1-score": 0.7222222222222222,
    "support": 15.0
  },
  "rock": {
    "precision": 0.6666666666666666,
    "recall": 0.13333333333333333,
    "f1-score": 0.2222222222222222,
    "support": 15.0
  },
  "accuracy": 0.6912751677852349,
  "macro avg": {
    "precision": 0.7207783882783884,
    "recall": 0.6933333333333332,
    "f1-score": 0.6701659333372889,
    "support": 149.0
  },
  "weighted avg": {
    "precision": 0.7209178405487131,
    "recall": 0.6912751677852349,
    "f1-score": 0.6691366482471719,
    "support": 149.0
  }
}