{
  "final_train_accuracy": 0.8795871734619141,
  "final_val_accuracy": 0.7799999713897705,
  "best_val_accuracy": 0.8333333134651184,
  "final_train_loss": 0.4409835934638977,
  "final_val_loss": 0.6783714294433594,
  "test_metrics": {
    "accuracy": 0.6912751793861389,
    "auc": 0.9571991562843323,
    "f1_score": 0.6725723147392273,
    "loss": 0.8156467080116272,
    "precision": 0.7983193397521973,
    "recall": 0.6375839114189148
  },
  "f1_scores": {
    "f1_macro": 0.6701659333372889,
    "f1_weighted": 0.6691366482471719,
    "f1_per_class": {
      "blues": 0.6666666666666666,
      "classical": 0.8461538461538461,
      "country": 0.6285714285714286,
      "disco": 0.6428571428571429,
      "hiphop": 0.7407407407407407,
      "jazz": 0.8235294117647058,
      "metal": 0.8,
      "pop": 0.6086956521739131,
      "reggae": 0.7222222222222222,
      "rock": 0.2222222222222222
    }
  },
  "total_epochs": 30
}