{
  "final_train_accuracy": 0.4000000059604645,
  "final_val_accuracy": 0.03999999910593033,
  "best_val_accuracy": 0.03999999910593033,
  "final_train_loss": 1.633952021598816,
  "final_val_loss": 5.698990345001221,
  "test_metrics": {
    "accuracy": 0.0,
    "auc": 0.6092000007629395,
    "loss": 3.4962401390075684,
    "precision": 0.0,
    "recall": 0.0
  },
  "f1_scores": {
    "f1_macro": 0.0,
    "f1_weighted": 0.0,
    "f1_per_class": {
      "Blues": 0.0,
      "Classical": 0.0,
      "Country": 0.0,
      "Easy Listening": 0.0,
      "Electronic": 0.0,
      "Experimental": 0.0,
      "Folk": 0.0,
      "Hip-Hop": 0.0,
      "Instrumental": 0.0,
      "Jazz": 0.0,
      "Old-Time / Historic": 0.0,
      "Pop": 0.0,
      "Rock": 0.0,
      "Soul-RnB": 0.0,
      "Spoken": 0.0
    }
  },
  "total_epochs": 10
}