{
  "blues": {
    "precision": 0.9333333333333333,
    "recall": 0.9333333333333333,
    "f1-score": 0.9333333333333333,
    "support": 15.0
  },
  "classical": {
    "precision": 0.875,
    "recall": 0.9333333333333333,
    "f1-score": 0.9032258064516129,
    "support": 15.0
  },
  "country": {
    "precision": 0.7142857142857143,
    "recall": 0.6666666666666666,
    "f1-score": 0.6896551724137931,
    "support": 15.0
  },
  "disco": {
    "precision": 0.7222222222222222,
    "recall": 0.8666666666666667,
    "f1-score": 0.7878787878787878,
    "support": 15.0
  },
  "hiphop": {
    "precision": 0.9166666666666666,
    "recall": 0.7333333333333333,
    "f1-score": 0.8148148148148148,
    "support": 15.0
  },
  "jazz": {
    "precision": 0.9230769230769231,
    "recall": 0.8571428571428571,
    "f1-score": 0.8888888888888888,
    "support": 14.0
  },
  "metal": {
    "precision": 0.6842105263157895,
    "recall": 0.8666666666666667,
    "f1-score": 0.7647058823529411,
    "support": 15.0
  },
  "pop": {
    "precision": 0.6153846153846154,
    "recall": 0.5333333333333333,
    "f1-score": 0.5714285714285714,
    "support": 15.0
  },
  "reggae": {
    "precision": 0.7647058823529411,
    "recall": 0.8666666666666667,
    "f1-score": 0.8125,
    "support": 15.0
  },
  "rock": {
    "precision": 0.4166666666666667,
    "recall": 0.3333333333333333,
    "f1-score": 0.37037037037037035,
    "support": 15.0
  },
  "accuracy": 0.7583892617449665,
  "macro avg": {
    "precision": 0.7565552550304873,
    "recall": 0.7590476190476191,
    "f1-score": 0.7536801627933114,
    "support": 149.0
  },
  "weighted avg": {
    "precision": 0.7554376599429272,
    "recall": 0.7583892617449665,
    "f1-score": 0.752772721678576,
    "support": 149.0
  }
}