{
  "final_train_accuracy": 0.9319999814033508,
  "final_val_accuracy": 0.7933333516120911,
  "best_val_accuracy": 0.8066666722297668,
  "final_train_loss": 0.4033735990524292,
  "final_val_loss": 0.6851053833961487,
  "test_metrics": {
    "accuracy": 0.744966447353363,
    "auc": 0.9773834347724915,
    "f1_score": 0.7385060787200928,
    "loss": 0.7261765003204346,
    "precision": 0.8359375,
    "recall": 0.718120813369751
  },
  "f1_scores": {
    "f1_macro": 0.7536801627933114,
    "f1_weighted": 0.752772721678576,
    "f1_per_class": {
      "blues": 0.9333333333333333,
      "classical": 0.9032258064516129,
      "country": 0.6896551724137931,
      "disco": 0.7878787878787878,
      "hiphop": 0.8148148148148148,
      "jazz": 0.8888888888888888,
      "metal": 0.7647058823529411,
      "pop": 0.5714285714285714,
      "reggae": 0.8125,
      "rock": 0.37037037037037035
    }
  },
  "total_epochs": 19
}