{
  "Blues": {
    "precision": 0.0,
    "recall": 0.0,
    "f1-score": 0.0,
    "support": 6.0
  },
  "Classical": {
    "precision": 1.0,
    "recall": 0.6710526315789473,
    "f1-score": 0.8031496062992126,
    "support": 76.0
  },
  "Country": {
    "precision": 0.26666666666666666,
    "recall": 0.5454545454545454,
    "f1-score": 0.3582089552238806,
    "support": 22.0
  },
  "Easy Listening": {
    "precision": 0.0,
    "recall": 0.0,
    "f1-score": 0.0,
    "support": 2.0
  },
  "Electronic": {
    "precision": 0.7906137184115524,
    "recall": 0.7436332767402377,
    "f1-score": 0.7664041994750657,
    "support": 589.0
  },
  "Experimental": {
    "precision": 0.2826086956521739,
    "recall": 0.3561643835616438,
    "f1-score": 0.3151515151515151,
    "support": 73.0
  },
  "Folk": {
    "precision": 0.5555555555555556,
    "recall": 0.3125,
    "f1-score": 0.4,
    "support": 32.0
  },
  "Hip-Hop": {
    "precision": 0.6867469879518072,
    "recall": 0.7402597402597403,
    "f1-score": 0.7125,
    "support": 154.0
  },
  "Instrumental": {
    "precision": 0.19801980198019803,
    "recall": 0.5405405405405406,
    "f1-score": 0.2898550724637681,
    "support": 37.0
  },
  "Jazz": {
    "precision": 0.27380952380952384,
    "recall": 0.6216216216216216,
    "f1-score": 0.38016528925619836,
    "support": 37.0
  },
  "Old-Time / Historic": {
    "precision": 0.5909090909090909,
    "recall": 0.9285714285714286,
    "f1-score": 0.7222222222222222,
    "support": 14.0
  },
  "Pop": {
    "precision": 0.0,
    "recall": 0.0,
    "f1-score": 0.0,
    "support": 10.0
  },
  "Rock": {
    "precision": 0.896421845574388,
    "recall": 0.7484276729559748,
    "f1-score": 0.8157669237360754,
    "support": 636.0
  },
  "Soul-RnB": {
    "precision": 0.08333333333333333,
    "recall": 0.0625,
    "f1-score": 0.07142857142857142,
    "support": 16.0
  },
  "Spoken": {
    "precision": 0.6,
    "recall": 0.9,
    "f1-score": 0.72,
    "support": 10.0
  },
  "accuracy": 0.6960326721120187,
  "macro avg": {
    "precision": 0.4149790146562859,
    "recall": 0.47804838941897876,
    "f1-score": 0.4236568236837673,
    "support": 1714.0
  },
  "weighted avg": {
    "precision": 0.7554804171304706,
    "recall": 0.6960326721120187,
    "f1-score": 0.7164151612160389,
    "support": 1714.0
  }
}