{
  "Blues": {
    "precision": 0.07692307692307693,
    "recall": 0.16666666666666666,
    "f1-score": 0.10526315789473684,
    "support": 6.0
  },
  "Classical": {
    "precision": 0.7319587628865979,
    "recall": 0.9342105263157895,
    "f1-score": 0.8208092485549133,
    "support": 76.0
  },
  "Country": {
    "precision": 0.3125,
    "recall": 0.45454545454545453,
    "f1-score": 0.37037037037037035,
    "support": 22.0
  },
  "Easy Listening": {
    "precision": 0.0,
    "recall": 0.0,
    "f1-score": 0.0,
    "support": 2.0
  },
  "Electronic": {
    "precision": 0.8183962264150944,
    "recall": 0.5891341256366723,
    "f1-score": 0.6850937808489634,
    "support": 589.0
  },
  "Experimental": {
    "precision": 0.21875,
    "recall": 0.4794520547945205,
    "f1-score": 0.30042918454935624,
    "support": 73.0
  },
  "Folk": {
    "precision": 0.40540540540540543,
    "recall": 0.46875,
    "f1-score": 0.43478260869565216,
    "support": 32.0
  },
  "Hip-Hop": {
    "precision": 0.5323383084577115,
    "recall": 0.6948051948051948,
    "f1-score": 0.6028169014084507,
    "support": 154.0
  },
  "Instrumental": {
    "precision": 0.2459016393442623,
    "recall": 0.40540540540540543,
    "f1-score": 0.30612244897959184,
    "support": 37.0
  },
  "Jazz": {
    "precision": 0.1794871794871795,
    "recall": 0.3783783783783784,
    "f1-score": 0.24347826086956523,
    "support": 37.0
  },
  "Old-Time / Historic": {
    "precision": 0.7058823529411765,
    "recall": 0.8571428571428571,
    "f1-score": 0.7741935483870968,
    "support": 14.0
  },
  "Pop": {
    "precision": 0.0,
    "recall": 0.0,
    "f1-score": 0.0,
    "support": 10.0
  },
  "Rock": {
    "precision": 0.8769230769230769,
    "recall": 0.7169811320754716,
    "f1-score": 0.7889273356401384,
    "support": 636.0
  },
  "Soul-RnB": {
    "precision": 0.11428571428571428,
    "recall": 0.25,
    "f1-score": 0.1568627450980392,
    "support": 16.0
  },
  "Spoken": {
    "precision": 0.47619047619047616,
    "recall": 1.0,
    "f1-score": 0.6451612903225806,
    "support": 10.0
  },
  "accuracy": 0.6400233372228705,
  "macro avg": {
    "precision": 0.37966281461731805,
    "recall": 0.493031453051094,
    "f1-score": 0.415620725441297,
    "support": 1714.0
  },
  "weighted avg": {
    "precision": 0.7268715849628729,
    "recall": 0.6400233372228705,
    "f1-score": 0.668175485359834,
    "support": 1714.0
  }
}