{
  "Rock": {
    "precision": 0.8969594594594594,
    "recall": 0.8349056603773585,
    "f1-score": 0.8648208469055375,
    "support": 636.0
  },
  "Electronic": {
    "precision": 0.8428874734607219,
    "recall": 0.6740237691001698,
    "f1-score": 0.7490566037735849,
    "support": 589.0
  },
  "Hip-Hop": {
    "precision": 0.4440677966101695,
    "recall": 0.8506493506493507,
    "f1-score": 0.5835189309576837,
    "support": 154.0
  },
  "Classical": {
    "precision": 0.7019230769230769,
    "recall": 0.9605263157894737,
    "f1-score": 0.8111111111111111,
    "support": 76.0
  },
  "Experimental": {
    "precision": 0.3493975903614458,
    "recall": 0.3972602739726027,
    "f1-score": 0.3717948717948718,
    "support": 73.0
  },
  "Jazz": {
    "precision": 0.25,
    "recall": 0.13513513513513514,
    "f1-score": 0.17543859649122806,
    "support": 37.0
  },
  "accuracy": 0.7450479233226837,
  "macro avg": {
    "precision": 0.5808725661358123,
    "recall": 0.6420834175040151,
    "f1-score": 0.5926234935056695,
    "support": 1565.0
  },
  "weighted avg": {
    "precision": 0.7817351800032504,
    "recall": 0.7450479233226837,
    "f1-score": 0.7516671001774389,
    "support": 1565.0
  }
}