{
  "Rock": {
    "precision": 0.8581560283687943,
    "recall": 0.7634069400630915,
    "f1-score": 0.8080133555926544,
    "support": 634.0
  },
  "Electronic": {
    "precision": 0.8047722342733189,
    "recall": 0.6320272572402045,
    "f1-score": 0.7080152671755725,
    "support": 587.0
  },
  "Experimental": {
    "precision": 0.3333333333333333,
    "recall": 0.6096256684491979,
    "f1-score": 0.43100189035916825,
    "support": 187.0
  },
  "Hip-Hop": {
    "precision": 0.5897435897435898,
    "recall": 0.7467532467532467,
    "f1-score": 0.6590257879656161,
    "support": 154.0
  },
  "Classical": {
    "precision": 0.0,
    "recall": 0.0,
    "f1-score": 0.0,
    "support": 76.0
  },
  "Folk": {
    "precision": 0.0,
    "recall": 0.0,
    "f1-score": 0.0,
    "support": 76.0
  },
  "Jazz": {
    "precision": 0.4473684210526316,
    "recall": 0.2982456140350877,
    "f1-score": 0.35789473684210527,
    "support": 57.0
  },
  "Instrumental": {
    "precision": 0.25316455696202533,
    "recall": 0.37735849056603776,
    "f1-score": 0.30303030303030304,
    "support": 53.0
  },
  "Country": {
    "precision": 0.5,
    "recall": 0.48148148148148145,
    "f1-score": 0.49056603773584906,
    "support": 27.0
  },
  "Soul-RnB": {
    "precision": 0.2727272727272727,
    "recall": 0.16666666666666666,
    "f1-score": 0.20689655172413793,
    "support": 18.0
  },
  "accuracy": 0.608346709470305,
  "macro avg": {
    "precision": 0.4059265436460966,
    "recall": 0.4075565365255014,
    "f1-score": 0.39644439304254064,
    "support": 1869.0
  },
  "weighted avg": {
    "precision": 0.6564755923414545,
    "recall": 0.608346709470305,
    "f1-score": 0.6224733981445595,
    "support": 1869.0
  }
}