{
  "Rock": {
    "precision": 0.8739770867430442,
    "recall": 0.839622641509434,
    "f1-score": 0.8564554931836408,
    "support": 636.0
  },
  "Electronic": {
    "precision": 0.8097087378640777,
    "recall": 0.7079796264855688,
    "f1-score": 0.7554347826086957,
    "support": 589.0
  },
  "Hip-Hop": {
    "precision": 0.5213675213675214,
    "recall": 0.7922077922077922,
    "f1-score": 0.6288659793814433,
    "support": 154.0
  },
  "Classical": {
    "precision": 0.6868686868686869,
    "recall": 0.8947368421052632,
    "f1-score": 0.7771428571428571,
    "support": 76.0
  },
  "Experimental": {
    "precision": 0.36363636363636365,
    "recall": 0.3835616438356164,
    "f1-score": 0.37333333333333335,
    "support": 73.0
  },
  "Jazz": {
    "precision": 0.1111111111111111,
    "recall": 0.10810810810810811,
    "f1-score": 0.1095890410958904,
    "support": 37.0
  },
  "Instrumental": {
    "precision": 0.0,
    "recall": 0.0,
    "f1-score": 0.0,
    "support": 37.0
  },
  "Folk": {
    "precision": 0.6,
    "recall": 0.46875,
    "f1-score": 0.5263157894736842,
    "support": 32.0
  },
  "accuracy": 0.7270501835985312,
  "macro avg": {
    "precision": 0.49583368844885056,
    "recall": 0.5243708317814728,
    "f1-score": 0.5033921595274431,
    "support": 1634.0
  },
  "weighted avg": {
    "precision": 0.7436456902813353,
    "recall": 0.7270501835985312,
    "f1-score": 0.7305478774210256,
    "support": 1634.0
  }
}