{
  "final_train_accuracy": 0.8084532618522644,
  "final_val_accuracy": 0.7058823704719543,
  "best_val_accuracy": 0.7512787580490112,
  "final_train_loss": 0.5518965721130371,
  "final_val_loss": 0.7359300851821899,
  "test_metrics": {
    "accuracy": 0.7392971515655518,
    "auc": 0.943670392036438,
    "f1_score": 0.5775961875915527,
    "loss": 0.7129095792770386,
    "precision": 0.8094868063926697,
    "recall": 0.66517573595047
  },
  "f1_scores": {
    "f1_macro": 0.5926234935056695,
    "f1_weighted": 0.7516671001774389,
    "f1_per_class": {
      "Rock": 0.8648208469055375,
      "Electronic": 0.7490566037735849,
      "Hip-Hop": 0.5835189309576837,
      "Classical": 0.8111111111111111,
      "Experimental": 0.3717948717948718,
      "Jazz": 0.17543859649122806
    }
  },
  "total_epochs": 60
}