{
  "final_train_accuracy": 0.8818774223327637,
  "final_val_accuracy": 0.6695278882980347,
  "best_val_accuracy": 0.7283874750137329,
  "final_train_loss": 0.48600924015045166,
  "final_val_loss": 1.0169562101364136,
  "test_metrics": {
    "accuracy": 0.727662205696106,
    "auc": 0.938556432723999,
    "f1_score": 0.5110042095184326,
    "loss": 0.9525903463363647,
    "precision": 0.7920420169830322,
    "recall": 0.6456548571586609
  },
  "f1_scores": {
    "f1_macro": 0.5033921595274431,
    "f1_weighted": 0.7305478774210256,
    "f1_per_class": {
      "Rock": 0.8564554931836408,
      "Electronic": 0.7554347826086957,
      "Hip-Hop": 0.6288659793814433,
      "Classical": 0.7771428571428571,
      "Experimental": 0.37333333333333335,
      "Jazz": 0.1095890410958904,
      "Instrumental": 0.0,
      "Folk": 0.5263157894736842
    }
  },
  "total_epochs": 80
}