{
  "final_train_accuracy": 0.78294837474823,
  "final_val_accuracy": 0.5927654504776001,
  "best_val_accuracy": 0.6481913924217224,
  "final_train_loss": 0.7271357774734497,
  "final_val_loss": 1.2255717515945435,
  "test_metrics": {
    "accuracy": 0.6306884288787842,
    "auc": 0.9459811449050903,
    "f1_score": 0.41252803802490234,
    "loss": 1.1344362497329712,
    "precision": 0.7750730514526367,
    "recall": 0.4644107222557068
  },
  "f1_scores": {
    "f1_macro": 0.415620725441297,
    "f1_weighted": 0.668175485359834,
    "f1_per_class": {
      "Blues": 0.10526315789473684,
      "Classical": 0.8208092485549133,
      "Country": 0.37037037037037035,
      "Easy Listening": 0.0,
      "Electronic": 0.6850937808489634,
      "Experimental": 0.30042918454935624,
      "Folk": 0.43478260869565216,
      "Hip-Hop": 0.6028169014084507,
      "Instrumental": 0.30612244897959184,
      "Jazz": 0.24347826086956523,
      "Old-Time / Historic": 0.7741935483870968,
      "Pop": 0.0,
      "Rock": 0.7889273356401384,
      "Soul-RnB": 0.1568627450980392,
      "Spoken": 0.6451612903225806
    }
  },
  "total_epochs": 53
}