{
  "final_train_accuracy": 0.93138587474823,
  "final_val_accuracy": 0.6254375576972961,
  "best_val_accuracy": 0.6989498138427734,
  "final_train_loss": 0.049158476293087006,
  "final_val_loss": 0.2118063122034073,
  "test_metrics": {
    "accuracy": 0.6960326433181763,
    "auc": 0.9558061361312866,
    "f1_score": 0.42365679144859314,
    "loss": 0.17750447988510132,
    "precision": 0.7803030014038086,
    "recall": 0.6009334921836853
  },
  "f1_scores": {
    "f1_macro": 0.4236568236837673,
    "f1_weighted": 0.7164151612160389,
    "f1_per_class": {
      "Blues": 0.0,
      "Classical": 0.8031496062992126,
      "Country": 0.3582089552238806,
      "Easy Listening": 0.0,
      "Electronic": 0.7664041994750657,
      "Experimental": 0.3151515151515151,
      "Folk": 0.4,
      "Hip-Hop": 0.7125,
      "Instrumental": 0.2898550724637681,
      "Jazz": 0.38016528925619836,
      "Old-Time / Historic": 0.7222222222222222,
      "Pop": 0.0,
      "Rock": 0.8157669237360754,
      "Soul-RnB": 0.07142857142857142,
      "Spoken": 0.72
    }
  },
  "total_epochs": 57
}