{
  "final_train_accuracy": 0.6907467246055603,
  "final_val_accuracy": 0.6095340251922607,
  "best_val_accuracy": 0.6684520840644836,
  "final_train_loss": 0.9097568392753601,
  "final_val_loss": 1.1138333082199097,
  "test_metrics": {
    "accuracy": 0.6126270890235901,
    "auc": 0.9004655480384827,
    "f1_score": 0.3949524760246277,
    "loss": 1.3035690784454346,
    "precision": 0.7635658979415894,
    "recall": 0.4216158390045166
  },
  "f1_scores": {
    "f1_macro": 0.39644439304254064,
    "f1_weighted": 0.6224733981445595,
    "f1_per_class": {
      "Rock": 0.8080133555926544,
      "Electronic": 0.7080152671755725,
      "Experimental": 0.43100189035916825,
      "Hip-Hop": 0.6590257879656161,
      "Classical": 0.0,
      "Folk": 0.0,
      "Jazz": 0.35789473684210527,
      "Instrumental": 0.30303030303030304,
      "Country": 0.49056603773584906,
      "Soul-RnB": 0.20689655172413793
    }
  },
  "total_epochs": 50
}