{
  "blues": {
    "precision": 0.9285714285714286,
    "recall": 0.8666666666666667,
    "f1-score": 0.896551724137931,
    "support": 15.0
  },
  "classical": {
    "precision": 0.875,
    "recall": 0.9333333333333333,
    "f1-score": 0.9032258064516129,
    "support": 15.0
  },
  "country": {
    "precision": 0.9166666666666666,
    "recall": 0.7333333333333333,
    "f1-score": 0.8148148148148148,
    "support": 15.0
  },
  "disco": {
    "precision": 0.6666666666666666,
    "recall": 0.8,
    "f1-score": 0.7272727272727273,
    "support": 15.0
  },
  "hiphop": {
    "precision": 0.8333333333333334,
    "recall": 0.6666666666666666,
    "f1-score": 0.7407407407407407,
    "support": 15.0
  },
  "jazz": {
    "precision": 0.9230769230769231,
    "recall": 0.8571428571428571,
    "f1-score": 0.8888888888888888,
    "support": 14.0
  },
  "metal": {
    "precision": 0.7647058823529411,
    "recall": 0.8666666666666667,
    "f1-score": 0.8125,
    "support": 15.0
  },
  "pop": {
    "precision": 0.6363636363636364,
    "recall": 0.4666666666666667,
    "f1-score": 0.5384615384615384,
    "support": 15.0
  },
  "reggae": {
    "precision": 0.6842105263157895,
    "recall": 0.8666666666666667,
    "f1-score": 0.7647058823529411,
    "support": 15.0
  },
  "rock": {
    "precision": 0.47058823529411764,
    "recall": 0.5333333333333333,
    "f1-score": 0.5,
    "support": 15.0
  },
  "accuracy": 0.7583892617449665,
  "macro avg": {
    "precision": 0.7699183298641502,
    "recall": 0.759047619047619,
    "f1-score": 0.7587162123121195,
    "support": 149.0
  },
  "weighted avg": {
    "precision": 0.768890419842588,
    "recall": 0.7583892617449665,
    "f1-score": 0.7578425701874433,
    "support": 149.0
  }
}