{
  "final_train_accuracy": 0.9440940618515015,
  "final_val_accuracy": 0.8333333134651184,
  "best_val_accuracy": 0.8399999737739563,
  "final_train_loss": 0.4115816652774811,
  "final_val_loss": 0.6524813771247864,
  "test_metrics": {
    "accuracy": 0.7583892345428467,
    "auc": 0.9722109436988831,
    "f1_score": 0.7594996690750122,
    "loss": 0.7849336266517639,
    "precision": 0.7954545617103577,
    "recall": 0.7046979665756226
  },
  "f1_scores": {
    "f1_macro": 0.7587162123121195,
    "f1_weighted": 0.7578425701874433,
    "f1_per_class": {
      "blues": 0.896551724137931,
      "classical": 0.9032258064516129,
      "country": 0.8148148148148148,
      "disco": 0.7272727272727273,
      "hiphop": 0.7407407407407407,
      "jazz": 0.8888888888888888,
      "metal": 0.8125,
      "pop": 0.5384615384615384,
      "reggae": 0.7647058823529411,
      "rock": 0.5
    }
  },
  "total_epochs": 88
}