{
  "blues": {
    "precision": 0.5909090909090909,
    "recall": 0.8666666666666667,
    "f1-score": 0.7027027027027027,
    "support": 15.0
  },
  "classical": {
    "precision": 0.8235294117647058,
    "recall": 0.9333333333333333,
    "f1-score": 0.875,
    "support": 15.0
  },
  "country": {
    "precision": 0.6428571428571429,
    "recall": 0.6,
    "f1-score": 0.6206896551724138,
    "support": 15.0
  },
  "disco": {
    "precision": 0.75,
    "recall": 0.4,
    "f1-score": 0.5217391304347826,
    "support": 15.0
  },
  "hiphop": {
    "precision": 0.6666666666666666,
    "recall": 0.8,
    "f1-score": 0.7272727272727273,
    "support": 15.0
  },
  "jazz": {
    "precision": 0.8,
    "recall": 0.8571428571428571,
    "f1-score": 0.8275862068965517,
    "support": 14.0
  },
  "metal": {
    "precision": 0.6842105263157895,
    "recall": 0.8666666666666667,
    "f1-score": 0.7647058823529411,
    "support": 15.0
  },
  "pop": {
    "precision": 0.5714285714285714,
    "recall": 0.5333333333333333,
    "f1-score": 0.5517241379310345,
    "support": 15.0
  },
  "reggae": {
    "precision": 0.6666666666666666,
    "recall": 0.8,
    "f1-score": 0.7272727272727273,
    "support": 15.0
  },
  "rock": {
    "precision": 0.75,
    "recall": 0.2,
    "f1-score": 0.3157894736842105,
    "support": 15.0
  },
  "accuracy": 0.6845637583892618,
  "macro avg": {
    "precision": 0.6946268076608635,
    "recall": 0.6857142857142857,
    "f1-score": 0.6634482643720092,
    "support": 149.0
  },
  "weighted avg": {
    "precision": 0.6939196050277149,
    "recall": 0.6845637583892618,
    "f1-score": 0.6623466674423142,
    "support": 149.0
  }
}