{
  "final_train_accuracy": 0.8537843823432922,
  "final_val_accuracy": 0.7733333110809326,
  "best_val_accuracy": 0.8133333325386047,
  "final_train_loss": 0.817907989025116,
  "final_val_loss": 0.9320370554924011,
  "test_metrics": {
    "accuracy": 0.6912751793861389,
    "auc": 0.9589057564735413,
    "f1_score": 0.6722807288169861,
    "loss": 1.1868382692337036,
    "precision": 0.8166666626930237,
    "recall": 0.6577181220054626
  },
  "f1_scores": {
    "f1_macro": 0.6634482643720092,
    "f1_weighted": 0.6623466674423142,
    "f1_per_class": {
      "blues": 0.7027027027027027,
      "classical": 0.875,
      "country": 0.6206896551724138,
      "disco": 0.5217391304347826,
      "hiphop": 0.7272727272727273,
      "jazz": 0.8275862068965517,
      "metal": 0.7647058823529411,
      "pop": 0.5517241379310345,
      "reggae": 0.7272727272727273,
      "rock": 0.3157894736842105
    }
  },
  "total_epochs": 57
}